,CodigoEstacion,NombreEstacion,Latitud,Longitud,Altitud,Categoria,Entidad,AreaOperativa,Departamento,Municipio,FechaInstalacion,FechaSuspension,IdParametro,Etiqueta,DescripcionSerie,Frecuencia,Fecha,Valor,Grado,Calificador,NivelAprobacion,SatValue,SatDesc
670,23215060,LA GLORIA [23215060],8.615277778,-73.800555556,35,Climática Ordinaria,INSTITUTO DE HIDROLOGIA METEOROLOGIA Y ESTUDIOS AMBIENTALES,Area Operativa 08 - Santanderes-Arauca,Cesar,La Gloria,1995-05-15,2018-06-19 10:35:00,PRECIPITACION,PTPM_TT_M,Precipitación total mensual,Mensual,1986-09-01,88.0,4,,900,170.70935,chirps-v2.0.1986.09.tif
925,23215050,MATA LA [23215050],8.614444444,-73.63638889,163,Pluviométrica,INSTITUTO DE HIDROLOGIA METEOROLOGIA Y ESTUDIOS AMBIENTALES,Area Operativa 08 - Santanderes-Arauca,Cesar,La Gloria,1983-09-15,,PRECIPITACION,PTPM_TT_M,Precipitación total mensual,Mensual,1986-09-01,274.9,50,,900,162.79016,chirps-v2.0.1986.09.tif
1476,25020670,RAYA LA [25020670],9.050277778,-73.55972222,500,Pluviométrica,INSTITUTO DE HIDROLOGIA METEOROLOGIA Y ESTUDIOS AMBIENTALES,Area Operativa 05 - Magdalena-Cesar-Guajira,Cesar,Pailitas,1972-09-15,,PRECIPITACION,PTPM_TT_M,Precipitación total mensual,Mensual,1986-09-01,171.0,50,,900,181.79562,chirps-v2.0.1986.09.tif
1883,25021640,SANTA ISABEL [25021640],8.71275,-73.70255556,40,Pluviométrica,INSTITUTO DE HIDROLOGIA METEOROLOGIA Y ESTUDIOS AMBIENTALES,Area Operativa 05 - Magdalena-Cesar-Guajira,Cesar,Pelaya,1984-11-15,,PRECIPITACION,PTPM_TT_M,Precipitación total mensual,Mensual,1986-09-01,143.0,50,,900,191.50903,chirps-v2.0.1986.09.tif
2540,25021590,TAMALAMEQUE D C [25021590],8.866666667,-73.81666667,33,Pluviométrica,INSTITUTO DE HIDROLOGIA METEOROLOGIA Y ESTUDIOS AMBIENTALES,Area Operativa 05 - Magdalena-Cesar-Guajira,Cesar,Tamalameque,1979-11-15,1998-06-15 00:00:00,PRECIPITACION,PTPM_TT_M,Precipitación total mensual,Mensual,1986-09-01,172.5,50,,900,212.7948,chirps-v2.0.1986.09.tif
2986,25020090,TAMALAMEQUE [25020090],8.860388889,-73.81544444,20,Pluviométrica,INSTITUTO DE HIDROLOGIA METEOROLOGIA Y ESTUDIOS AMBIENTALES,Area Operativa 05 - Magdalena-Cesar-Guajira,Cesar,Tamalameque,1960-02-15,,PRECIPITACION,PTPM_TT_M,Precipitación total mensual,Mensual,1986-09-01,182.1,50,,900,212.7948,chirps-v2.0.1986.09.tif
3570,25020650,TERROR EL HACIENDA [25020650],8.938777778,-73.56022222,250,Pluviométrica,INSTITUTO DE HIDROLOGIA METEOROLOGIA Y ESTUDIOS AMBIENTALES,Area Operativa 05 - Magdalena-Cesar-Guajira,Cesar,Chimichagua,1972-09-15,,PRECIPITACION,PTPM_TT_M,Precipitación total mensual,Mensual,1986-09-01,189.1,50,,900,224.17583,chirps-v2.0.1986.09.tif
4096,25020660,ZAPATOZA [25020660],9.00975,-73.75402778,90,Pluviométrica,INSTITUTO DE HIDROLOGIA METEOROLOGIA Y ESTUDIOS AMBIENTALES,Area Operativa 05 - Magdalena-Cesar-Guajira,Cesar,Curumaní,1972-09-15,,PRECIPITACION,PTPM_TT_M,Precipitación total mensual,Mensual,1986-09-01,137.8,50,,900,220.06491,chirps-v2.0.1986.09.tif
4803,28040150,BELLAVISTA [28040150],10.30805556,-74.03922222,140,Pluviométrica,INSTITUTO DE HIDROLOGIA METEOROLOGIA Y ESTUDIOS AMBIENTALES,Area Operativa 05 - Magdalena-Cesar-Guajira,Magdalena,Algarrobo,1963-02-15,,PRECIPITACION,PTPM_TT_M,Precipitación total mensual,Mensual,1986-09-01,118.0,50,,900,156.96925,chirps-v2.0.1986.09.tif
5282,28040360,CABANA LA HACIENDA [28040360],9.861,-74.07672222,100,Pluviométrica,INSTITUTO DE HIDROLOGIA METEOROLOGIA Y ESTUDIOS AMBIENTALES,Area Operativa 05 - Magdalena-Cesar-Guajira,Magdalena,Ariguaní (El Dificil),1979-01-15,,PRECIPITACION,PTPM_TT_M,Precipitación total mensual,Mensual,1986-09-01,110.0,50,,900,136.62347,chirps-v2.0.1986.09.tif
5942,29060150,DESTINO EL [29060150],10.57366667,-74.22411111,20,Pluviométrica,INSTITUTO DE HIDROLOGIA METEOROLOGIA Y ESTUDIOS AMBIENTALES,Area Operativa 05 - Magdalena-Cesar-Guajira,Magdalena,El Retén,1967-01-15,,PRECIPITACION,PTPM_TT_M,Precipitación total mensual,Mensual,1986-09-01,100.0,50,,900,113.28661,chirps-v2.0.1986.09.tif
6371,29060560,DONA MARIA [29060560],10.38444444,-74.17794444,50,Pluviométrica,INSTITUTO DE HIDROLOGIA METEOROLOGIA Y ESTUDIOS AMBIENTALES,Area Operativa 05 - Magdalena-Cesar-Guajira,Magdalena,Fundación,1984-11-15,,PRECIPITACION,PTPM_TT_M,Precipitación total mensual,Mensual,1986-09-01,217.0,50,,900,155.72377,chirps-v2.0.1986.09.tif
7149,29060040,FUNDACION [29060040],10.52436111,-74.18222222,40,Pluviométrica,INSTITUTO DE HIDROLOGIA METEOROLOGIA Y ESTUDIOS AMBIENTALES,Area Operativa 05 - Magdalena-Cesar-Guajira,Magdalena,Fundación,1958-03-15,,PRECIPITACION,PTPM_TT_M,Precipitación total mensual,Mensual,1986-09-01,117.0,50,,900,118.174286,chirps-v2.0.1986.09.tif
7710,29060200,MARIA LA [29060200],10.54066667,-74.18697222,30,Pluviométrica,INSTITUTO DE HIDROLOGIA METEOROLOGIA Y ESTUDIOS AMBIENTALES,Area Operativa 05 - Magdalena-Cesar-Guajira,Magdalena,Aracataca,1974-11-15,,PRECIPITACION,PTPM_TT_M,Precipitación total mensual,Mensual,1986-09-01,145.0,50,,900,118.174286,chirps-v2.0.1986.09.tif
8389,28040100,MONTERRUBIO [28040100],10.23369444,-74.27325,100,Pluviométrica,INSTITUTO DE HIDROLOGIA METEOROLOGIA Y ESTUDIOS AMBIENTALES,Area Operativa 05 - Magdalena-Cesar-Guajira,Magdalena,Pivijai,1963-01-15,,PRECIPITACION,PTPM_TT_M,Precipitación total mensual,Mensual,1986-09-01,204.0,50,,900,156.10736,chirps-v2.0.1986.09.tif
8862,25021630,NUEVA GRANADA [25021630],9.80175,-74.38855556,110,Pluviométrica,INSTITUTO DE HIDROLOGIA METEOROLOGIA Y ESTUDIOS AMBIENTALES,Area Operativa 05 - Magdalena-Cesar-Guajira,Magdalena,Nueva Granada,1982-06-15,,PRECIPITACION,PTPM_TT_M,Precipitación total mensual,Mensual,1986-09-01,329.0,50,,900,212.28802,chirps-v2.0.1986.09.tif
9526,28040140,SAN ANGEL [28040140],10.03305556,-74.21261111,140,Pluviométrica,INSTITUTO DE HIDROLOGIA METEOROLOGIA Y ESTUDIOS AMBIENTALES,Area Operativa 05 - Magdalena-Cesar-Guajira,Magdalena,Sabanas De San Ángel,1963-01-15,,PRECIPITACION,PTPM_TT_M,Precipitación total mensual,Mensual,1986-09-01,99.0,50,,900,148.20592,chirps-v2.0.1986.09.tif
10081,29060100,SANTA ROSA DE LIMA [29060100],10.40275,-74.108,75,Pluviométrica,INSTITUTO DE HIDROLOGIA METEOROLOGIA Y ESTUDIOS AMBIENTALES,Area Operativa 05 - Magdalena-Cesar-Guajira,Magdalena,Fundación,1975-08-15,,PRECIPITACION,PTPM_TT_M,Precipitación total mensual,Mensual,1986-09-01,139.0,50,,900,147.58228,chirps-v2.0.1986.09.tif
10646,29060350,BAYANO [29060350],10.63116667,-74.29858333,30,Pluviométrica,INSTITUTO DE HIDROLOGIA METEOROLOGIA Y ESTUDIOS AMBIENTALES,Area Operativa 05 - Magdalena-Cesar-Guajira,Magdalena,El Retén,1975-01-15,,PRECIPITACION,PTPM_TT_M,Precipitación total mensual,Mensual,1986-09-01,83.0,50,,900,89.12351,chirps-v2.0.1986.09.tif
11159,29060030,BONGO EL [29060030],10.64877778,-74.3755,20,Pluviométrica,INSTITUTO DE HIDROLOGIA METEOROLOGIA Y ESTUDIOS AMBIENTALES,Area Operativa 05 - Magdalena-Cesar-Guajira,Magdalena,El Retén,1975-09-15,,PRECIPITACION,PTPM_TT_M,Precipitación total mensual,Mensual,1986-09-01,46.0,50,,900,94.80559,chirps-v2.0.1986.09.tif
11818,29060140,CARMEN EL [29060140],10.6755,-74.20644444,25,Pluviométrica,INSTITUTO DE HIDROLOGIA METEOROLOGIA Y ESTUDIOS AMBIENTALES,Area Operativa 05 - Magdalena-Cesar-Guajira,Magdalena,Zona Bananera,1967-03-15,,PRECIPITACION,PTPM_TT_M,Precipitación total mensual,Mensual,1986-09-01,6.0,50,,900,84.28531,chirps-v2.0.1986.09.tif
12562,29060060,CENIZO EL [29060060],10.65161111,-74.07322222,450,Pluviométrica,INSTITUTO DE HIDROLOGIA METEOROLOGIA Y ESTUDIOS AMBIENTALES,Area Operativa 05 - Magdalena-Cesar-Guajira,Magdalena,Aracataca,1959-03-15,,PRECIPITACION,PTPM_TT_M,Precipitación total mensual,Mensual,1986-09-01,108.0,50,,900,106.196335,chirps-v2.0.1986.09.tif
13135,29060190,FLORIDA LA [29060190],10.61063889,-74.25538889,26,Pluviométrica,INSTITUTO DE HIDROLOGIA METEOROLOGIA Y ESTUDIOS AMBIENTALES,Area Operativa 05 - Magdalena-Cesar-Guajira,Magdalena,El Retén,1973-04-15,2019-02-07 11:43:00,PRECIPITACION,PTPM_TT_M,Precipitación total mensual,Mensual,1986-09-01,83.0,50,,900,89.12351,chirps-v2.0.1986.09.tif
13712,29060170,GAVILAN [29060170],10.68044444,-74.33069444,20,Pluviométrica,INSTITUTO DE HIDROLOGIA METEOROLOGIA Y ESTUDIOS AMBIENTALES,Area Operativa 05 - Magdalena-Cesar-Guajira,Magdalena,El Retén,1967-03-15,,PRECIPITACION,PTPM_TT_M,Precipitación total mensual,Mensual,1986-09-01,149.1,50,,900,85.56001,chirps-v2.0.1986.09.tif
14366,29065020,PADELMA [29065020],10.72111111,-74.19972222,20,Climática Ordinaria,INSTITUTO DE HIDROLOGIA METEOROLOGIA Y ESTUDIOS AMBIENTALES,Area Operativa 05 - Magdalena-Cesar-Guajira,Magdalena,Zona Bananera,1967-08-15,,PRECIPITACION,PTPM_TT_M,Precipitación total mensual,Mensual,1986-09-01,30.0,4,,900,90.60629,chirps-v2.0.1986.09.tif
15013,29060270,PALO ALTO [29060270],10.7225,-74.27191667,25,Pluviométrica,INSTITUTO DE HIDROLOGIA METEOROLOGIA Y ESTUDIOS AMBIENTALES,Area Operativa 05 - Magdalena-Cesar-Guajira,Magdalena,Puebloviejo,1967-01-15,,PRECIPITACION,PTPM_TT_M,Precipitación total mensual,Mensual,1986-09-01,30.0,50,,900,84.18679,chirps-v2.0.1986.09.tif
15671,29060240,UNION LA [29060240],10.70655556,-74.22355556,20,Pluviométrica,INSTITUTO DE HIDROLOGIA METEOROLOGIA Y ESTUDIOS AMBIENTALES,Area Operativa 05 - Magdalena-Cesar-Guajira,Magdalena,Zona Bananera,1967-01-15,2019-02-07 11:43:00,PRECIPITACION,PTPM_TT_M,Precipitación total mensual,Mensual,1986-09-01,154.0,50,,900,83.51914,chirps-v2.0.1986.09.tif
16298,29065010,ZACAPA [29065010],10.58333333,-74.25,30,Climática Ordinaria,INSTITUTO DE HIDROLOGIA METEOROLOGIA Y ESTUDIOS AMBIENTALES,Area Operativa 05 - Magdalena-Cesar-Guajira,Magdalena,El Retén,1967-07-15,1990-04-15 00:00:00,PRECIPITACION,PTPM_TT_M,Precipitación total mensual,Mensual,1986-09-01,110.6,50,,900,99.14289,chirps-v2.0.1986.09.tif
16476,29060180,ESPERANZA LA [29060180],10.74252778,-74.30627778,25,Pluviométrica,INSTITUTO DE HIDROLOGIA METEOROLOGIA Y ESTUDIOS AMBIENTALES,Area Operativa 05 - Magdalena-Cesar-Guajira,Magdalena,Puebloviejo,1975-10-15,,PRECIPITACION,PTPM_TT_M,Precipitación total mensual,Mensual,1986-09-01,60.0,50,,900,85.805405,chirps-v2.0.1986.09.tif
17017,29060340,PALMOR EL [29060340],10.77344444,-74.02563889,1200,Pluviométrica,INSTITUTO DE HIDROLOGIA METEOROLOGIA Y ESTUDIOS AMBIENTALES,Area Operativa 05 - Magdalena-Cesar-Guajira,Magdalena,Ciénaga,1975-09-15,,PRECIPITACION,PTPM_TT_M,Precipitación total mensual,Mensual,1986-09-01,118.0,50,,900,143.12993,chirps-v2.0.1986.09.tif
17852,29060220,POLY LA [29060220],10.81666667,-74.18333333,24,Pluviométrica,INSTITUTO DE HIDROLOGIA METEOROLOGIA Y ESTUDIOS AMBIENTALES,Area Operativa 05 - Magdalena-Cesar-Guajira,Magdalena,Zona Bananera,1972-01-15,2002-02-15 00:00:00,PRECIPITACION,PTPM_TT_M,Precipitación total mensual,Mensual,1986-09-01,184.0,50,,900,91.82334,chirps-v2.0.1986.09.tif
18232,29065030,PRADO SEVILLA [29065030],10.76416667,-74.15472222,18,Climática Ordinaria,INSTITUTO DE HIDROLOGIA METEOROLOGIA Y ESTUDIOS AMBIENTALES,Area Operativa 05 - Magdalena-Cesar-Guajira,Magdalena,Zona Bananera,1970-07-15,2019-02-07 11:32:00,PRECIPITACION,PTPM_TT_M,Precipitación total mensual,Mensual,1986-09-01,45.1,50,,900,90.795166,chirps-v2.0.1986.09.tif
18800,29060250,PROYECTOS LOS [29060250],10.73672222,-74.23708333,20,Pluviométrica,INSTITUTO DE HIDROLOGIA METEOROLOGIA Y ESTUDIOS AMBIENTALES,Area Operativa 05 - Magdalena-Cesar-Guajira,Magdalena,Zona Bananera,1967-01-15,,PRECIPITACION,PTPM_TT_M,Precipitación total mensual,Mensual,1986-09-01,10.0,50,,900,83.51914,chirps-v2.0.1986.09.tif
19249,29060550,RUBY EL [29060550],10.84513889,-74.18822222,20,Pluviométrica,INSTITUTO DE HIDROLOGIA METEOROLOGIA Y ESTUDIOS AMBIENTALES,Area Operativa 05 - Magdalena-Cesar-Guajira,Magdalena,Zona Bananera,1984-03-15,2019-02-07 11:33:00,PRECIPITACION,PTPM_TT_M,Precipitación total mensual,Mensual,1986-09-01,98.0,50,,900,91.82334,chirps-v2.0.1986.09.tif
19702,29060290,SAN JUAN [29060290],10.76666667,-74.16666667,25,Pluviométrica,INSTITUTO DE HIDROLOGIA METEOROLOGIA Y ESTUDIOS AMBIENTALES,Area Operativa 05 - Magdalena-Cesar-Guajira,Magdalena,Zona Bananera,1975-05-15,2002-02-15 00:00:00,PRECIPITACION,PTPM_TT_M,Precipitación total mensual,Mensual,1986-09-01,9.8,50,,900,90.795166,chirps-v2.0.1986.09.tif
20185,29060070,SAN PABLO [29060070],10.80819444,-74.02680556,800,Pluviométrica,INSTITUTO DE HIDROLOGIA METEOROLOGIA Y ESTUDIOS AMBIENTALES,Area Operativa 05 - Magdalena-Cesar-Guajira,Magdalena,Ciénaga,1960-08-15,,PRECIPITACION,PTPM_TT_M,Precipitación total mensual,Mensual,1986-09-01,152.0,50,,900,142.18414,chirps-v2.0.1986.09.tif
20785,29060230,SARA LA [29060230],10.83622222,-74.16102778,25,Pluviométrica,INSTITUTO DE HIDROLOGIA METEOROLOGIA Y ESTUDIOS AMBIENTALES,Area Operativa 05 - Magdalena-Cesar-Guajira,Magdalena,Zona Bananera,1971-08-15,2019-02-07 11:33:00,PRECIPITACION,PTPM_TT_M,Precipitación total mensual,Mensual,1986-09-01,90.0,50,,900,91.82334,chirps-v2.0.1986.09.tif
21218,29060160,ENANO EL [29060160],10.90219444,-74.18947222,25,Pluviométrica,INSTITUTO DE HIDROLOGIA METEOROLOGIA Y ESTUDIOS AMBIENTALES,Area Operativa 05 - Magdalena-Cesar-Guajira,Magdalena,Zona Bananera,1974-11-15,,PRECIPITACION,PTPM_TT_M,Precipitación total mensual,Mensual,1986-09-01,118.0,50,,900,96.88347,chirps-v2.0.1986.09.tif
21862,29060210,PALMA LA [29060210],10.96683333,-74.20469444,23,Pluviométrica,INSTITUTO DE HIDROLOGIA METEOROLOGIA Y ESTUDIOS AMBIENTALES,Area Operativa 05 - Magdalena-Cesar-Guajira,Magdalena,Ciénaga,1967-03-15,,PRECIPITACION,PTPM_TT_M,Precipitación total mensual,Mensual,1986-09-01,87.0,50,,900,69.418175,chirps-v2.0.1986.09.tif
22522,29060280,SAN ISIDRO [29060280],10.90083333,-74.22061111,25,Pluviométrica,INSTITUTO DE HIDROLOGIA METEOROLOGIA Y ESTUDIOS AMBIENTALES,Area Operativa 05 - Magdalena-Cesar-Guajira,Magdalena,Zona Bananera,1967-01-15,,PRECIPITACION,PTPM_TT_M,Precipitación total mensual,Mensual,1986-09-01,95.0,50,,900,83.6332,chirps-v2.0.1986.09.tif
23039,29060310,SEVILLANO [29060310],10.93305556,-74.25244444,5,Pluviométrica,INSTITUTO DE HIDROLOGIA METEOROLOGIA Y ESTUDIOS AMBIENTALES,Area Operativa 05 - Magdalena-Cesar-Guajira,Magdalena,Ciénaga,1979-09-15,,PRECIPITACION,PTPM_TT_M,Precipitación total mensual,Mensual,1986-09-01,52.0,50,,900,79.31022,chirps-v2.0.1986.09.tif
23717,29060120,TASAJERA [29060120],10.97622222,-74.36175,2,Pluviométrica,INSTITUTO DE HIDROLOGIA METEOROLOGIA Y ESTUDIOS AMBIENTALES,Area Operativa 05 - Magdalena-Cesar-Guajira,Magdalena,Puebloviejo,1965-08-15,,PRECIPITACION,PTPM_TT_M,Precipitación total mensual,Mensual,1986-09-01,48.0,50,,900,62.90663,chirps-v2.0.1986.09.tif
24367,15015020,YE LA [15015020],10.99241667,-74.21113889,20,Climática Ordinaria,INSTITUTO DE HIDROLOGIA METEOROLOGIA Y ESTUDIOS AMBIENTALES,Area Operativa 05 - Magdalena-Cesar-Guajira,Magdalena,Ciénaga,1967-07-15,2019-02-07 11:34:00,PRECIPITACION,PTPM_TT_M,Precipitación total mensual,Mensual,1986-09-01,150.6,50,,900,69.418175,chirps-v2.0.1986.09.tif
24786,16060010,CNO LA RAYA [16060010],8.834722222,-72.79166667,75,Pluviométrica,INSTITUTO DE HIDROLOGIA METEOROLOGIA Y ESTUDIOS AMBIENTALES,Area Operativa 08 - Santanderes-Arauca,Norte De Santander,Tibú,1973-04-15,,PRECIPITACION,PTPM_TT_M,Precipitación total mensual,Mensual,1986-09-01,510.0,50,,900,437.01303,chirps-v2.0.1986.09.tif
25347,16070030,HACHARIRA [16070030],8.875833333,-72.98222222,75,Pluviométrica,INSTITUTO DE HIDROLOGIA METEOROLOGIA Y ESTUDIOS AMBIENTALES,Area Operativa 08 - Santanderes-Arauca,Norte De Santander,El Tarra,1973-04-15,2018-07-13 12:10:00,PRECIPITACION,PTPM_TT_M,Precipitación total mensual,Mensual,1986-09-01,684.0,50,,900,461.5149,chirps-v2.0.1986.09.tif
25751,16070040,ORU [16070040],8.641111111,-72.90944444,150,Pluviométrica,INSTITUTO DE HIDROLOGIA METEOROLOGIA Y ESTUDIOS AMBIENTALES,Area Operativa 08 - Santanderes-Arauca,Norte De Santander,Tibú,1973-04-15,,PRECIPITACION,PTPM_TT_M,Precipitación total mensual,Mensual,1986-09-01,422.0,50,,900,452.88284,chirps-v2.0.1986.09.tif
26182,16050240,PALACIO EL [16050240],8.610333333,-73.35113889,1280,Pluviométrica,INSTITUTO DE HIDROLOGIA METEOROLOGIA Y ESTUDIOS AMBIENTALES,Area Operativa 08 - Santanderes-Arauca,Norte De Santander,Convención,1984-03-15,2014-08-28 00:00:00,PRECIPITACION,PTPM_TT_M,Precipitación total mensual,Mensual,1986-09-01,269.0,50,,900,261.93738,chirps-v2.0.1986.09.tif
26485,16070020,PISTA LA [16070020],9.116666667,-72.86666667,50,Pluviométrica,INSTITUTO DE HIDROLOGIA METEOROLOGIA Y ESTUDIOS AMBIENTALES,Area Operativa 08 - Santanderes-Arauca,Norte De Santander,Tibú,1986-02-15,2019-01-21 08:00:00,PRECIPITACION,PTPM_TT_M,Precipitación total mensual,Mensual,1986-09-01,502.0,50,,900,506.71484,chirps-v2.0.1986.09.tif
26794,16070010,PUERTO BARCO [16070010],8.998055556,-72.89694444,50,Pluviométrica,INSTITUTO DE HIDROLOGIA METEOROLOGIA Y ESTUDIOS AMBIENTALES,Area Operativa 08 - Santanderes-Arauca,Norte De Santander,Tibú,1973-04-15,,PRECIPITACION,PTPM_TT_M,Precipitación total mensual,Mensual,1986-09-01,495.0,50,,900,490.3958,chirps-v2.0.1986.09.tif
390667,25020220,ASTREA [25020220],9.492944444,-73.97288889,50,Pluviométrica,INSTITUTO DE HIDROLOGIA METEOROLOGIA Y ESTUDIOS AMBIENTALES,Area Operativa 05 - Magdalena-Cesar-Guajira,Cesar,Astrea,1962-04-15,,PRECIPITACION,PTPM_TT_M,Precipitación total mensual,Mensual,1986-09-01,92.5,50,,900,133.50447,chirps-v2.0.1986.09.tif
391373,25020240,CANAL EL [25020240],9.410472222,-73.89041667,70,Pluviométrica,INSTITUTO DE HIDROLOGIA METEOROLOGIA Y ESTUDIOS AMBIENTALES,Area Operativa 05 - Magdalena-Cesar-Guajira,Cesar,Chimichagua,1963-03-15,,PRECIPITACION,PTPM_TT_M,Precipitación total mensual,Mensual,1986-09-01,82.0,50,,900,124.66436,chirps-v2.0.1986.09.tif
391965,25021240,CHIMICHAGUA [25021240],9.260083333,-73.80986111,138,Pluviométrica,INSTITUTO DE HIDROLOGIA METEOROLOGIA Y ESTUDIOS AMBIENTALES,Area Operativa 05 - Magdalena-Cesar-Guajira,Cesar,Chimichagua,1972-07-15,,PRECIPITACION,PTPM_TT_M,Precipitación total mensual,Mensual,1986-09-01,106.4,50,,900,170.46434,chirps-v2.0.1986.09.tif
392548,25025250,CHIRIGUANA [25025250],9.361027778,-73.59338889,40,Climática Ordinaria,INSTITUTO DE HIDROLOGIA METEOROLOGIA Y ESTUDIOS AMBIENTALES,Area Operativa 05 - Magdalena-Cesar-Guajira,Cesar,Chiriguaná,1973-06-15,,PRECIPITACION,PTPM_TT_M,Precipitación total mensual,Mensual,1986-09-01,211.0,50,,900,161.68326,chirps-v2.0.1986.09.tif
392990,25021580,CURUMANI D C [25021580],9.183333333,-73.53333333,100,Pluviométrica,INSTITUTO DE HIDROLOGIA METEOROLOGIA Y ESTUDIOS AMBIENTALES,Area Operativa 05 - Magdalena-Cesar-Guajira,Cesar,Curumaní,1979-11-15,1996-08-15 00:00:00,PRECIPITACION,PTPM_TT_M,Precipitación total mensual,Mensual,1986-09-01,120.2,50,,900,171.25967,chirps-v2.0.1986.09.tif
393394,25020250,CURUMANI [25020250],9.197194444,-73.54194444,100,Pluviométrica,INSTITUTO DE HIDROLOGIA METEOROLOGIA Y ESTUDIOS AMBIENTALES,Area Operativa 05 - Magdalena-Cesar-Guajira,Cesar,Curumaní,1963-03-15,,PRECIPITACION,PTPM_TT_M,Precipitación total mensual,Mensual,1986-09-01,127.7,50,,900,171.25967,chirps-v2.0.1986.09.tif
393974,25020690,POPONTE [25020690],9.423277778,-73.41094444,500,Pluviométrica,INSTITUTO DE HIDROLOGIA METEOROLOGIA Y ESTUDIOS AMBIENTALES,Area Operativa 05 - Magdalena-Cesar-Guajira,Cesar,Curumaní,1972-09-15,,PRECIPITACION,PTPM_TT_M,Precipitación total mensual,Mensual,1986-09-01,79.0,50,,900,190.2069,chirps-v2.0.1986.09.tif
394567,25020920,PRIMAVERA LA [25020920],9.216666667,-73.41666667,500,Pluviométrica,INSTITUTO DE HIDROLOGIA METEOROLOGIA Y ESTUDIOS AMBIENTALES,Area Operativa 05 - Magdalena-Cesar-Guajira,Cesar,Curumaní,1972-09-15,2019-02-07 11:35:00,PRECIPITACION,PTPM_TT_M,Precipitación total mensual,Mensual,1986-09-01,120.4,50,,900,174.41495,chirps-v2.0.1986.09.tif
395189,25020260,RINCONHONDO [25020260],9.397027778,-73.48802778,100,Pluviométrica,INSTITUTO DE HIDROLOGIA METEOROLOGIA Y ESTUDIOS AMBIENTALES,Area Operativa 05 - Magdalena-Cesar-Guajira,Cesar,Chiriguaná,1963-03-15,,PRECIPITACION,PTPM_TT_M,Precipitación total mensual,Mensual,1986-09-01,193.0,50,,900,186.4091,chirps-v2.0.1986.09.tif
395898,25020270,SALOA [25020270],9.193166667,-73.73130556,90,Pluviométrica,INSTITUTO DE HIDROLOGIA METEOROLOGIA Y ESTUDIOS AMBIENTALES,Area Operativa 05 - Magdalena-Cesar-Guajira,Cesar,Chimichagua,1963-04-15,,PRECIPITACION,PTPM_TT_M,Precipitación total mensual,Mensual,1986-09-01,136.0,50,,900,164.35236,chirps-v2.0.1986.09.tif
478518,28025090,CENTENARIO HACIENDA [28025090],9.85025,-73.26547222,100,Climática Ordinaria,INSTITUTO DE HIDROLOGIA METEOROLOGIA Y ESTUDIOS AMBIENTALES,Area Operativa 05 - Magdalena-Cesar-Guajira,Cesar,Agustín Codazzi,1976-12-15,,PRECIPITACION,PTPM_TT_M,Precipitación total mensual,Mensual,1986-09-01,55.6,4,,900,133.33736,chirps-v2.0.1986.09.tif
479221,25020230,JAGUA LA [25020230],9.562166667,-73.33947222,170,Pluviométrica,INSTITUTO DE HIDROLOGIA METEOROLOGIA Y ESTUDIOS AMBIENTALES,Area Operativa 05 - Magdalena-Cesar-Guajira,Cesar,La Jagua De Ibirico,1963-08-15,,PRECIPITACION,PTPM_TT_M,Precipitación total mensual,Mensual,1986-09-01,282.0,50,,900,150.90923,chirps-v2.0.1986.09.tif
479919,28020230,LLANOS LOS [28020230],9.733333333,-73.3,100,Pluviométrica,INSTITUTO DE HIDROLOGIA METEOROLOGIA Y ESTUDIOS AMBIENTALES,Area Operativa 05 - Magdalena-Cesar-Guajira,Cesar,Becerrill,1962-09-15,2010-10-15 00:00:00,PRECIPITACION,PTPM_TT_M,Precipitación total mensual,Mensual,1986-09-01,75.0,50,,900,134.0358,chirps-v2.0.1986.09.tif
480376,25020280,LOMA LA [25020280],9.606527778,-73.61197222,30,Pluviométrica,INSTITUTO DE HIDROLOGIA METEOROLOGIA Y ESTUDIOS AMBIENTALES,Area Operativa 05 - Magdalena-Cesar-Guajira,Cesar,El Paso,1963-10-15,,PRECIPITACION,PTPM_TT_M,Precipitación total mensual,Mensual,1986-09-01,180.1,50,,900,154.23886,chirps-v2.0.1986.09.tif
480927,28040310,MOLINO EL [28040310],9.776055556,-73.74341667,110,Pluviométrica,INSTITUTO DE HIDROLOGIA METEOROLOGIA Y ESTUDIOS AMBIENTALES,Area Operativa 05 - Magdalena-Cesar-Guajira,Cesar,El Paso,1972-08-15,2016-06-01 00:00:00,PRECIPITACION,PTPM_TT_M,Precipitación total mensual,Mensual,1986-09-01,83.0,50,,900,138.59439,chirps-v2.0.1986.09.tif
481370,28040350,PASO EL   [28040350],9.656972222,-73.74369444,30,Pluviométrica,INSTITUTO DE HIDROLOGIA METEOROLOGIA Y ESTUDIOS AMBIENTALES,Area Operativa 05 - Magdalena-Cesar-Guajira,Cesar,El Paso,1972-08-15,,PRECIPITACION,PTPM_TT_M,Precipitación total mensual,Mensual,1986-09-01,111.6,50,,900,140.79579,chirps-v2.0.1986.09.tif
482002,28020080,PLAYAS LAS HACIENDA [28020080],9.848083333,-73.46219444,60,Pluviométrica,INSTITUTO DE HIDROLOGIA METEOROLOGIA Y ESTUDIOS AMBIENTALES,Area Operativa 05 - Magdalena-Cesar-Guajira,Cesar,Agustín Codazzi,1959-08-15,,PRECIPITACION,PTPM_TT_M,Precipitación total mensual,Mensual,1986-09-01,5.0,50,,900,112.77215,chirps-v2.0.1986.09.tif
482552,28020420,SAN GABRIEL [28020420],9.844611111,-73.54769444,70,Pluviométrica,INSTITUTO DE HIDROLOGIA METEOROLOGIA Y ESTUDIOS AMBIENTALES,Area Operativa 05 - Magdalena-Cesar-Guajira,Cesar,San Diego,1972-09-15,,PRECIPITACION,PTPM_TT_M,Precipitación total mensual,Mensual,1986-09-01,115.0,50,,900,111.543076,chirps-v2.0.1986.09.tif
483332,25021650,YUCAL EL [25021650],9.557388889,-73.87619444,40,Pluviométrica,INSTITUTO DE HIDROLOGIA METEOROLOGIA Y ESTUDIOS AMBIENTALES,Area Operativa 05 - Magdalena-Cesar-Guajira,Cesar,Astrea,1984-11-15,,PRECIPITACION,PTPM_TT_M,Precipitación total mensual,Mensual,1986-09-01,173.9,50,,900,139.91957,chirps-v2.0.1986.09.tif
483834,28040030,BOSCONIA [28040030],9.97575,-73.88175,130,Pluviométrica,INSTITUTO DE HIDROLOGIA METEOROLOGIA Y ESTUDIOS AMBIENTALES,Area Operativa 05 - Magdalena-Cesar-Guajira,Cesar,Bosconia,1979-11-15,,PRECIPITACION,PTPM_TT_M,Precipitación total mensual,Mensual,1986-09-01,139.6,50,,900,112.05224,chirps-v2.0.1986.09.tif
484334,28020460,CODAZZI DC [28020460],10.04463889,-73.24338889,90,Pluviométrica,INSTITUTO DE HIDROLOGIA METEOROLOGIA Y ESTUDIOS AMBIENTALES,Area Operativa 05 - Magdalena-Cesar-Guajira,Cesar,Agustín Codazzi,1979-11-15,,PRECIPITACION,PTPM_TT_M,Precipitación total mensual,Mensual,1986-09-01,105.0,50,,900,171.56036,chirps-v2.0.1986.09.tif
484828,28020150,ESPERANZA LA HACIENDA [28020150],10.02997222,-73.66883333,60,Pluviométrica,INSTITUTO DE HIDROLOGIA METEOROLOGIA Y ESTUDIOS AMBIENTALES,Area Operativa 05 - Magdalena-Cesar-Guajira,Cesar,Valledupar,1961-05-15,,PRECIPITACION,PTPM_TT_M,Precipitación total mensual,Mensual,1986-09-01,78.0,50,,900,107.26689,chirps-v2.0.1986.09.tif
485424,28035040,GUAYMARAL [28035040],9.904916667,-73.64752778,50,Climática Ordinaria,INSTITUTO DE HIDROLOGIA METEOROLOGIA Y ESTUDIOS AMBIENTALES,Area Operativa 05 - Magdalena-Cesar-Guajira,Cesar,Valledupar,1972-08-15,,PRECIPITACION,PTPM_TT_M,Precipitación total mensual,Mensual,1986-09-01,94.3,50,,900,120.06177,chirps-v2.0.1986.09.tif
486057,28040270,MANATURE HACIENDA [28040270],10.03511111,-73.78852778,150,Pluviométrica,INSTITUTO DE HIDROLOGIA METEOROLOGIA Y ESTUDIOS AMBIENTALES,Area Operativa 05 - Magdalena-Cesar-Guajira,Cesar,Bosconia,1968-09-15,,PRECIPITACION,PTPM_TT_M,Precipitación total mensual,Mensual,1986-09-01,171.0,50,,900,110.60093,chirps-v2.0.1986.09.tif
486623,28025070,MOTILONIA CODAZZI [28025070],10.00180556,-73.24938889,180,Agrometeorológica,INSTITUTO DE HIDROLOGIA METEOROLOGIA Y ESTUDIOS AMBIENTALES,Area Operativa 05 - Magdalena-Cesar-Guajira,Cesar,Agustín Codazzi,1956-01-15,,PRECIPITACION,PTPM_TT_M,Precipitación total mensual,Mensual,1986-09-01,119.4,50,,900,171.56036,chirps-v2.0.1986.09.tif
487331,28040070,PALMARIGUANI [28040070],9.930083333,-73.95488889,80,Pluviométrica,INSTITUTO DE HIDROLOGIA METEOROLOGIA Y ESTUDIOS AMBIENTALES,Area Operativa 05 - Magdalena-Cesar-Guajira,Cesar,Bosconia,1963-01-15,,PRECIPITACION,PTPM_TT_M,Precipitación total mensual,Mensual,1986-09-01,100.0,50,,900,115.51936,chirps-v2.0.1986.09.tif
487773,28040400,PALMASOLA [28040400],9.977416667,-73.88930556,50,Pluviométrica,INSTITUTO DE HIDROLOGIA METEOROLOGIA Y ESTUDIOS AMBIENTALES,Area Operativa 05 - Magdalena-Cesar-Guajira,Cesar,Bosconia,1984-06-15,2019-02-07 11:42:00,PRECIPITACION,PTPM_TT_M,Precipitación total mensual,Mensual,1986-09-01,138.0,50,,900,112.05224,chirps-v2.0.1986.09.tif
488281,28020600,RETORNO EL [28020600],9.854722222,-73.35716667,150,Pluviométrica,INSTITUTO DE HIDROLOGIA METEOROLOGIA Y ESTUDIOS AMBIENTALES,Area Operativa 05 - Magdalena-Cesar-Guajira,Cesar,Agustín Codazzi,1979-02-15,,PRECIPITACION,PTPM_TT_M,Precipitación total mensual,Mensual,1986-09-01,246.4,50,,900,127.6726,chirps-v2.0.1986.09.tif
489010,28020440,SANTA TERESA HACIENDA [28020440],9.917027778,-73.28613889,80,Pluviométrica,INSTITUTO DE HIDROLOGIA METEOROLOGIA Y ESTUDIOS AMBIENTALES,Area Operativa 05 - Magdalena-Cesar-Guajira,Cesar,Agustín Codazzi,1959-04-15,,PRECIPITACION,PTPM_TT_M,Precipitación total mensual,Mensual,1986-09-01,86.9,50,,900,134.07556,chirps-v2.0.1986.09.tif
489637,28020310,BOGOTANA LA [28020310],10.1,-73.15,200,Pluviométrica,INSTITUTO DE HIDROLOGIA METEOROLOGIA Y ESTUDIOS AMBIENTALES,Area Operativa 05 - Magdalena-Cesar-Guajira,Cesar,Agustín Codazzi,1968-09-15,2004-08-15 00:00:00,PRECIPITACION,PTPM_TT_M,Precipitación total mensual,Mensual,1986-09-01,210.0,50,,900,197.09998,chirps-v2.0.1986.09.tif
490026,28030190,CARACOLI [28030190],10.08869444,-73.73172222,220,Pluviométrica,INSTITUTO DE HIDROLOGIA METEOROLOGIA Y ESTUDIOS AMBIENTALES,Area Operativa 05 - Magdalena-Cesar-Guajira,Cesar,Valledupar,1972-07-15,,PRECIPITACION,PTPM_TT_M,Precipitación total mensual,Mensual,1986-09-01,96.1,50,,900,116.64479,chirps-v2.0.1986.09.tif
490740,28040200,CHIMILAIMA [28040200],10.06666667,-73.76666667,120,Pluviométrica,INSTITUTO DE HIDROLOGIA METEOROLOGIA Y ESTUDIOS AMBIENTALES,Area Operativa 05 - Magdalena-Cesar-Guajira,Cesar,Bosconia,1962-08-15,1996-12-15 00:00:00,PRECIPITACION,PTPM_TT_M,Precipitación total mensual,Mensual,1986-09-01,145.0,50,,900,117.99931,chirps-v2.0.1986.09.tif
490927,28020590,LETICIA [28020590],10.15238889,-73.22172222,140,Pluviométrica,INSTITUTO DE HIDROLOGIA METEOROLOGIA Y ESTUDIOS AMBIENTALES,Area Operativa 05 - Magdalena-Cesar-Guajira,Cesar,San Diego,1979-01-15,,PRECIPITACION,PTPM_TT_M,Precipitación total mensual,Mensual,1986-09-01,312.0,50,,900,175.37447,chirps-v2.0.1986.09.tif
491412,28010370,PARIS DE FRANCIA [28010370],10.30708333,-73.32544444,180,Pluviométrica,INSTITUTO DE HIDROLOGIA METEOROLOGIA Y ESTUDIOS AMBIENTALES,Area Operativa 05 - Magdalena-Cesar-Guajira,Cesar,Valledupar,1971-11-15,,PRECIPITACION,PTPM_TT_M,Precipitación total mensual,Mensual,1986-09-01,65.0,50,,900,160.44214,chirps-v2.0.1986.09.tif
492118,28040060,PAVAS LAS [28040060],10.06666667,-73.88333333,150,Pluviométrica,INSTITUTO DE HIDROLOGIA METEOROLOGIA Y ESTUDIOS AMBIENTALES,Area Operativa 05 - Magdalena-Cesar-Guajira,Cesar,Bosconia,1963-01-15,1992-07-15 00:00:00,PRECIPITACION,PTPM_TT_M,Precipitación total mensual,Mensual,1986-09-01,40.0,50,,900,121.174934,chirps-v2.0.1986.09.tif
492448,28025020,RINCON EL [28025020],10.27138889,-73.13138889,350,Climática Ordinaria,INSTITUTO DE HIDROLOGIA METEOROLOGIA Y ESTUDIOS AMBIENTALES,Area Operativa 05 - Magdalena-Cesar-Guajira,Cesar,San Diego,1964-02-15,,PRECIPITACION,PTPM_TT_M,Precipitación total mensual,Mensual,1986-09-01,174.6,50,,900,176.46664,chirps-v2.0.1986.09.tif
493000,28020410,SAN BENITO [28020410],10.18416667,-73.31702778,150,Pluviométrica,INSTITUTO DE HIDROLOGIA METEOROLOGIA Y ESTUDIOS AMBIENTALES,Area Operativa 05 - Magdalena-Cesar-Guajira,Cesar,San Diego,1972-09-15,,PRECIPITACION,PTPM_TT_M,Precipitación total mensual,Mensual,1986-09-01,390.0,50,,900,173.96228,chirps-v2.0.1986.09.tif
493597,28010070,VILLA MARLENE [28010070],10.1855,-73.46711111,120,Pluviométrica,INSTITUTO DE HIDROLOGIA METEOROLOGIA Y ESTUDIOS AMBIENTALES,Area Operativa 05 - Magdalena-Cesar-Guajira,Cesar,Valledupar,1987-01-15,,PRECIPITACION,PTPM_TT_M,Precipitación total mensual,Mensual,1986-09-01,36.0,50,,900,143.75388,chirps-v2.0.1986.09.tif
494243,28035010,VILLA ROSA [28035010],10.19066667,-73.54738889,70,Climática Ordinaria,INSTITUTO DE HIDROLOGIA METEOROLOGIA Y ESTUDIOS AMBIENTALES,Area Operativa 05 - Magdalena-Cesar-Guajira,Cesar,Valledupar,1968-03-15,,PRECIPITACION,PTPM_TT_M,Precipitación total mensual,Mensual,1986-09-01,48.5,4,,900,134.37871,chirps-v2.0.1986.09.tif
494955,28010360,ATANQUEZ [28010360],10.69733333,-73.35305556,800,Pluviométrica,INSTITUTO DE HIDROLOGIA METEOROLOGIA Y ESTUDIOS AMBIENTALES,Area Operativa 05 - Magdalena-Cesar-Guajira,Cesar,Valledupar,1959-04-15,,PRECIPITACION,PTPM_TT_M,Precipitación total mensual,Mensual,1986-09-01,320.0,50,,900,259.3938,chirps-v2.0.1986.09.tif
496835,28010040,MANAURE [28010040],10.39138889,-73.02527778,740,Pluviométrica,INSTITUTO DE HIDROLOGIA METEOROLOGIA Y ESTUDIOS AMBIENTALES,Area Operativa 05 - Magdalena-Cesar-Guajira,Cesar,Manaure Balcón Del Cesar,1975-09-15,,PRECIPITACION,PTPM_TT_M,Precipitación total mensual,Mensual,1986-09-01,167.5,50,,900,199.7596,chirps-v2.0.1986.09.tif
497538,28040010,PUEBLO BELLO [28040010],10.41463889,-73.58502778,10,Pluviométrica,INSTITUTO DE HIDROLOGIA METEOROLOGIA Y ESTUDIOS AMBIENTALES,Area Operativa 05 - Magdalena-Cesar-Guajira,Cesar,Pueblo Bello,1963-01-15,,PRECIPITACION,PTPM_TT_M,Precipitación total mensual,Mensual,1986-09-01,246.0,50,,900,215.09499,chirps-v2.0.1986.09.tif
497998,28030220,SAN ANGEL [28030220],10.34705556,-73.44413889,244,Pluviométrica,INSTITUTO DE HIDROLOGIA METEOROLOGIA Y ESTUDIOS AMBIENTALES,Area Operativa 05 - Magdalena-Cesar-Guajira,Cesar,Valledupar,1983-06-15,,PRECIPITACION,PTPM_TT_M,Precipitación total mensual,Mensual,1986-09-01,169.0,50,,900,159.17879,chirps-v2.0.1986.09.tif
498753,29060090,SAN SEBASTIAN DE [29060090],10.56330556,-73.60380556,20,Pluviométrica,INSTITUTO DE HIDROLOGIA METEOROLOGIA Y ESTUDIOS AMBIENTALES,Area Operativa 05 - Magdalena-Cesar-Guajira,Cesar,Pueblo Bello,1968-05-15,,PRECIPITACION,PTPM_TT_M,Precipitación total mensual,Mensual,1986-09-01,208.0,50,,900,313.87982,chirps-v2.0.1986.09.tif
499385,28010140,VILLA CARMELITA [28010140],10.53333333,-73.3,450,Pluviométrica,INSTITUTO DE HIDROLOGIA METEOROLOGIA Y ESTUDIOS AMBIENTALES,Area Operativa 05 - Magdalena-Cesar-Guajira,Cesar,Valledupar,1968-09-15,2004-08-15 00:00:00,PRECIPITACION,PTPM_TT_M,Precipitación total mensual,Mensual,1986-09-01,260.4,50,,900,173.14355,chirps-v2.0.1986.09.tif
499847,28010090,PATILLAL [28010090],10.70386111,-73.21161111,450,Pluviométrica,INSTITUTO DE HIDROLOGIA METEOROLOGIA Y ESTUDIOS AMBIENTALES,Area Operativa 05 - Magdalena-Cesar-Guajira,Cesar,Valledupar,1962-12-15,,PRECIPITACION,PTPM_TT_M,Precipitación total mensual,Mensual,1986-09-01,104.0,50,,900,178.67154,chirps-v2.0.1986.09.tif
500620,28045010,PUEBLO BELLO  [28045010],10.37,-73.63,1000,Climática Ordinaria,FEDERACION NACIONAL DE CAFETEROS,Area Operativa 05 - Magdalena-Cesar-Guajira,Cesar,Pueblo Bello,1954-02-15,2020-10-21 17:13:00,PRECIPITACION,PTPM_TT_M,Precipitación total mensual,Mensual,1986-09-01,184.0,50,,900,208.42923,chirps-v2.0.1986.09.tif
500989,28010130,SARACHUI [28010130],10.78333333,-73.4,1560,Pluviométrica,INSTITUTO DE HIDROLOGIA METEOROLOGIA Y ESTUDIOS AMBIENTALES,Area Operativa 05 - Magdalena-Cesar-Guajira,Cesar,Valledupar,1968-04-15,1990-05-15 00:00:00,PRECIPITACION,PTPM_TT_M,Precipitación total mensual,Mensual,1986-09-01,456.0,50,,900,321.83328,chirps-v2.0.1986.09.tif
501307,15060080,CANAVERALES [15060080],10.75777778,-72.84522222,230,Pluviométrica,INSTITUTO DE HIDROLOGIA METEOROLOGIA Y ESTUDIOS AMBIENTALES,Area Operativa 05 - Magdalena-Cesar-Guajira,La Guajira,San Juan Del Cesar,1963-08-15,,PRECIPITACION,PTPM_TT_M,Precipitación total mensual,Mensual,1986-09-01,145.0,50,,900,115.71011,chirps-v2.0.1986.09.tif
501860,15060150,CONEJO EL [15060150],10.77794444,-72.79819444,350,Pluviométrica,INSTITUTO DE HIDROLOGIA METEOROLOGIA Y ESTUDIOS AMBIENTALES,Area Operativa 05 - Magdalena-Cesar-Guajira,La Guajira,Fonseca,1975-10-15,,PRECIPITACION,PTPM_TT_M,Precipitación total mensual,Mensual,1986-09-01,84.9,50,,900,122.05597,chirps-v2.0.1986.09.tif
502481,28010200,HATICO D LOS INDIO [28010200],10.86022222,-73.11416667,594,Pluviométrica,INSTITUTO DE HIDROLOGIA METEOROLOGIA Y ESTUDIOS AMBIENTALES,Area Operativa 05 - Magdalena-Cesar-Guajira,La Guajira,San Juan Del Cesar,1970-01-15,,PRECIPITACION,PTPM_TT_M,Precipitación total mensual,Mensual,1986-09-01,115.8,50,,900,157.12314,chirps-v2.0.1986.09.tif
503055,15060070,JUGUETE EL [15060070],10.786,-72.76836111,390,Pluviométrica,INSTITUTO DE HIDROLOGIA METEOROLOGIA Y ESTUDIOS AMBIENTALES,Area Operativa 05 - Magdalena-Cesar-Guajira,La Guajira,Fonseca,1971-05-15,2014-08-28 00:00:00,PRECIPITACION,PTPM_TT_M,Precipitación total mensual,Mensual,1986-09-01,85.0,50,,900,122.05597,chirps-v2.0.1986.09.tif
503579,15065040,LA PAULINA - AUT [15065040],10.89813889,-72.82847222,170,Climática Principal,INSTITUTO DE HIDROLOGIA METEOROLOGIA Y ESTUDIOS AMBIENTALES,Area Operativa 05 - Magdalena-Cesar-Guajira,La Guajira,Fonseca,1966-09-15,,PRECIPITACION,PTPM_TT_M,Precipitación total mensual,Mensual,1986-09-01,68.1,50,,900,114.88716,chirps-v2.0.1986.09.tif
504153,15060050,SABANAS DE MANUELA [15060050],10.953,-73.04797222,420,Pluviométrica,INSTITUTO DE HIDROLOGIA METEOROLOGIA Y ESTUDIOS AMBIENTALES,Area Operativa 05 - Magdalena-Cesar-Guajira,La Guajira,Distracción,1963-08-15,,PRECIPITACION,PTPM_TT_M,Precipitación total mensual,Mensual,1986-09-01,75.9,50,,900,151.21167,chirps-v2.0.1986.09.tif
504691,28015070,URUMITA [28015070],10.56638889,-73.01638889,255,Climática Ordinaria,INSTITUTO DE HIDROLOGIA METEOROLOGIA Y ESTUDIOS AMBIENTALES,Area Operativa 05 - Magdalena-Cesar-Guajira,La Guajira,Urumita,1975-08-15,,PRECIPITACION,PTPM_TT_M,Precipitación total mensual,Mensual,1986-09-01,137.5,50,,900,123.92176,chirps-v2.0.1986.09.tif
505276,28010340,VILLANUEVA [28010340],10.61583333,-72.98194444,340,Pluviométrica,INSTITUTO DE HIDROLOGIA METEOROLOGIA Y ESTUDIOS AMBIENTALES,Area Operativa 05 - Magdalena-Cesar-Guajira,La Guajira,Villanueva,1970-08-15,,PRECIPITACION,PTPM_TT_M,Precipitación total mensual,Mensual,1986-09-01,149.0,50,,900,131.09323,chirps-v2.0.1986.09.tif
506521,28040320,BRILLANTE EL [28040320],9.70275,-73.95913889,135,Pluviométrica,INSTITUTO DE HIDROLOGIA METEOROLOGIA Y ESTUDIOS AMBIENTALES,Area Operativa 05 - Magdalena-Cesar-Guajira,Magdalena,Santa Ana,1972-07-15,,PRECIPITACION,PTPM_TT_M,Precipitación total mensual,Mensual,1986-09-01,117.0,50,,900,141.62808,chirps-v2.0.1986.09.tif
506977,25021620,IRAN [25021620],9.683777778,-74.32216667,80,Pluviométrica,INSTITUTO DE HIDROLOGIA METEOROLOGIA Y ESTUDIOS AMBIENTALES,Area Operativa 05 - Magdalena-Cesar-Guajira,Magdalena,Nueva Granada,1982-06-15,,PRECIPITACION,PTPM_TT_M,Precipitación total mensual,Mensual,1986-09-01,172.0,50,,900,176.39613,chirps-v2.0.1986.09.tif
507541,25021040,MENCHIQUEJO [25021040],9.188055556,-74.04422222,25,Pluviométrica,INSTITUTO DE HIDROLOGIA METEOROLOGIA Y ESTUDIOS AMBIENTALES,Area Operativa 05 - Magdalena-Cesar-Guajira,Magdalena,El Banco,1974-09-15,,PRECIPITACION,PTPM_TT_M,Precipitación total mensual,Mensual,1986-09-01,180.0,50,,900,235.69081,chirps-v2.0.1986.09.tif
508087,25021200,NEGRITOS LOS [25021200],9.026666667,-74.07944444,26,Pluviométrica,INSTITUTO DE HIDROLOGIA METEOROLOGIA Y ESTUDIOS AMBIENTALES,Area Operativa 02 - Atlántico-Bolivar-Sucre,Magdalena,El Banco,1976-07-15,,PRECIPITACION,PTPM_TT_M,Precipitación total mensual,Mensual,1986-09-01,438.0,50,,900,259.1803,chirps-v2.0.1986.09.tif
508609,25021500,PUEBLITO EL [25021500],9.581166667,-74.35225,35,Pluviométrica,INSTITUTO DE HIDROLOGIA METEOROLOGIA Y ESTUDIOS AMBIENTALES,Area Operativa 05 - Magdalena-Cesar-Guajira,Magdalena,Santa Ana,1976-10-15,,PRECIPITACION,PTPM_TT_M,Precipitación total mensual,Mensual,1986-09-01,301.0,50,,900,169.17328,chirps-v2.0.1986.09.tif
509086,25021380,SAN ROQUE ALERTAS [25021380],9.07,-74.15,24,Pluviométrica,INSTITUTO DE HIDROLOGIA METEOROLOGIA Y ESTUDIOS AMBIENTALES,Area Operativa 02 - Atlántico-Bolivar-Sucre,Magdalena,El Banco,1980-05-15,,PRECIPITACION,PTPM_TT_M,Precipitación total mensual,Mensual,1986-09-01,166.0,50,,900,226.21857,chirps-v2.0.1986.09.tif
509634,25020900,SAN SEBASTIAN [25020900],9.233888889,-74.35583333,65,Pluviométrica,INSTITUTO DE HIDROLOGIA METEOROLOGIA Y ESTUDIOS AMBIENTALES,Area Operativa 02 - Atlántico-Bolivar-Sucre,Magdalena,San Sebastián De Buenavista,1974-01-15,,PRECIPITACION,PTPM_TT_M,Precipitación total mensual,Mensual,1986-09-01,292.0,50,,900,138.10278,chirps-v2.0.1986.09.tif
510720,28040300,VILLA CONCEPCION [28040300],9.706305556,-73.85944444,120,Pluviométrica,INSTITUTO DE HIDROLOGIA METEOROLOGIA Y ESTUDIOS AMBIENTALES,Area Operativa 05 - Magdalena-Cesar-Guajira,Magdalena,Ariguaní (El Dificil),1972-07-15,,PRECIPITACION,PTPM_TT_M,Precipitación total mensual,Mensual,1986-09-01,153.0,50,,900,163.47987,chirps-v2.0.1986.09.tif
511214,25021540,AGUADAS LAS ALERTA [25021540],8.949997222,-74.049997222,30,Pluviométrica,INSTITUTO DE HIDROLOGIA METEOROLOGIA Y ESTUDIOS AMBIENTALES,Area Operativa 02 - Atlántico-Bolivar-Sucre,Bolivar,San Martín De Loba,1978-11-15,,PRECIPITACION,PTPM_TT_M,Precipitación total mensual,Mensual,1986-09-01,338.0,50,,900,252.63922,chirps-v2.0.1986.09.tif
511767,25020880,BARRANCO DE LOBA [25020880],8.946666667,-74.11055556,25,Pluviométrica,INSTITUTO DE HIDROLOGIA METEOROLOGIA Y ESTUDIOS AMBIENTALES,Area Operativa 02 - Atlántico-Bolivar-Sucre,Bolivar,Barranco De Loba,1974-09-15,,PRECIPITACION,PTPM_TT_M,Precipitación total mensual,Mensual,1986-09-01,330.3,50,,900,279.3877,chirps-v2.0.1986.09.tif
512309,25020890,CHILLOA [25020890],9.119388889,-74.22194444,20,Pluviométrica,INSTITUTO DE HIDROLOGIA METEOROLOGIA Y ESTUDIOS AMBIENTALES,Area Operativa 02 - Atlántico-Bolivar-Sucre,Bolivar,Margarita,1974-09-15,,PRECIPITACION,PTPM_TT_M,Precipitación total mensual,Mensual,1986-09-01,192.0,50,,900,244.87007,chirps-v2.0.1986.09.tif
512829,25021320,SUDAN EL [25021320],8.643333333,-74.21222222,23,Pluviométrica,INSTITUTO DE HIDROLOGIA METEOROLOGIA Y ESTUDIOS AMBIENTALES,Area Operativa 02 - Atlántico-Bolivar-Sucre,Bolivar,Tiquisio (Puerto Rico),1976-10-15,,PRECIPITACION,PTPM_TT_M,Precipitación total mensual,Mensual,1986-09-01,234.0,50,,900,233.33392,chirps-v2.0.1986.09.tif
513972,25020870,PLAYITAS [25020870],8.822777778,-73.96583333,40,Pluviométrica,INSTITUTO DE HIDROLOGIA METEOROLOGIA Y ESTUDIOS AMBIENTALES,Area Operativa 02 - Atlántico-Bolivar-Sucre,Bolivar,San Martín De Loba,1974-09-15,,PRECIPITACION,PTPM_TT_M,Precipitación total mensual,Mensual,1986-09-01,161.0,50,,900,228.69101,chirps-v2.0.1986.09.tif
514532,25021090,SANTA ROSA [25021090],9.093333333,-74.31388889,40,Pluviométrica,INSTITUTO DE HIDROLOGIA METEOROLOGIA Y ESTUDIOS AMBIENTALES,Area Operativa 02 - Atlántico-Bolivar-Sucre,Bolivar,San Fernando,1974-10-15,,PRECIPITACION,PTPM_TT_M,Precipitación total mensual,Mensual,1986-09-01,248.0,50,,900,214.3683,chirps-v2.0.1986.09.tif
